group,model,dataset,mode,class,iou,AP
lidar128_models,early_fusion_tuned,lidar128,i2i,mAP,0.3,0.488
lidar128_models,early_fusion_tuned,lidar128,i2i,mAP,0.5,0.339
lidar128_models,early_fusion_tuned,lidar128,i2i,mAP,0.7,0.146
lidar128_models,early_fusion_tuned,lidar128,i2i,pedestrian,0.3,0.441
lidar128_models,early_fusion_tuned,lidar128,i2i,pedestrian,0.5,0.237
lidar128_models,early_fusion_tuned,lidar128,i2i,pedestrian,0.7,0.015
lidar128_models,early_fusion_tuned,lidar128,i2i,truck,0.3,0.36
lidar128_models,early_fusion_tuned,lidar128,i2i,truck,0.5,0.187
lidar128_models,early_fusion_tuned,lidar128,i2i,truck,0.7,0.038
lidar128_models,early_fusion_tuned,lidar128,i2i,vehicle,0.3,0.665
lidar128_models,early_fusion_tuned,lidar128,i2i,vehicle,0.5,0.592
lidar128_models,early_fusion_tuned,lidar128,i2i,vehicle,0.7,0.385
lidar128_models,early_fusion_tuned,lidar128,ic,mAP,0.3,0.444
lidar128_models,early_fusion_tuned,lidar128,ic,mAP,0.5,0.325
lidar128_models,early_fusion_tuned,lidar128,ic,mAP,0.7,0.136
lidar128_models,early_fusion_tuned,lidar128,ic,pedestrian,0.3,0.353
lidar128_models,early_fusion_tuned,lidar128,ic,pedestrian,0.5,0.168
lidar128_models,early_fusion_tuned,lidar128,ic,pedestrian,0.7,0.009
lidar128_models,early_fusion_tuned,lidar128,ic,truck,0.3,0.307
lidar128_models,early_fusion_tuned,lidar128,ic,truck,0.5,0.209
lidar128_models,early_fusion_tuned,lidar128,ic,truck,0.7,0.038
lidar128_models,early_fusion_tuned,lidar128,ic,vehicle,0.3,0.67
lidar128_models,early_fusion_tuned,lidar128,ic,vehicle,0.5,0.599
lidar128_models,early_fusion_tuned,lidar128,ic,vehicle,0.7,0.361
lidar128_models,early_fusion_tuned,lidar128,v2v,mAP,0.3,0.442
lidar128_models,early_fusion_tuned,lidar128,v2v,mAP,0.5,0.343
lidar128_models,early_fusion_tuned,lidar128,v2v,mAP,0.7,0.164
lidar128_models,early_fusion_tuned,lidar128,v2v,pedestrian,0.3,0.375
lidar128_models,early_fusion_tuned,lidar128,v2v,pedestrian,0.5,0.197
lidar128_models,early_fusion_tuned,lidar128,v2v,pedestrian,0.7,0.013
lidar128_models,early_fusion_tuned,lidar128,v2v,truck,0.3,0.357
lidar128_models,early_fusion_tuned,lidar128,v2v,truck,0.5,0.268
lidar128_models,early_fusion_tuned,lidar128,v2v,truck,0.7,0.104
lidar128_models,early_fusion_tuned,lidar128,v2v,vehicle,0.3,0.595
lidar128_models,early_fusion_tuned,lidar128,v2v,vehicle,0.5,0.563
lidar128_models,early_fusion_tuned,lidar128,v2v,vehicle,0.7,0.374
lidar128_models,early_fusion_tuned,lidar128,vc,mAP,0.3,0.464
lidar128_models,early_fusion_tuned,lidar128,vc,mAP,0.5,0.365
lidar128_models,early_fusion_tuned,lidar128,vc,mAP,0.7,0.183
lidar128_models,early_fusion_tuned,lidar128,vc,pedestrian,0.3,0.378
lidar128_models,early_fusion_tuned,lidar128,vc,pedestrian,0.5,0.188
lidar128_models,early_fusion_tuned,lidar128,vc,pedestrian,0.7,0.013
lidar128_models,early_fusion_tuned,lidar128,vc,truck,0.3,0.372
lidar128_models,early_fusion_tuned,lidar128,vc,truck,0.5,0.293
lidar128_models,early_fusion_tuned,lidar128,vc,truck,0.7,0.141
lidar128_models,early_fusion_tuned,lidar128,vc,vehicle,0.3,0.641
lidar128_models,early_fusion_tuned,lidar128,vc,vehicle,0.5,0.613
lidar128_models,early_fusion_tuned,lidar128,vc,vehicle,0.7,0.395
lidar128_models,early_fusion_tuned,lidar64,i2i,mAP,0.3,0.489
lidar128_models,early_fusion_tuned,lidar64,i2i,mAP,0.5,0.339
lidar128_models,early_fusion_tuned,lidar64,i2i,mAP,0.7,0.147
lidar128_models,early_fusion_tuned,lidar64,i2i,pedestrian,0.3,0.441
lidar128_models,early_fusion_tuned,lidar64,i2i,pedestrian,0.5,0.238
lidar128_models,early_fusion_tuned,lidar64,i2i,pedestrian,0.7,0.015
lidar128_models,early_fusion_tuned,lidar64,i2i,truck,0.3,0.361
lidar128_models,early_fusion_tuned,lidar64,i2i,truck,0.5,0.188
lidar128_models,early_fusion_tuned,lidar64,i2i,truck,0.7,0.037
lidar128_models,early_fusion_tuned,lidar64,i2i,vehicle,0.3,0.664
lidar128_models,early_fusion_tuned,lidar64,i2i,vehicle,0.5,0.592
lidar128_models,early_fusion_tuned,lidar64,i2i,vehicle,0.7,0.388
lidar128_models,early_fusion_tuned,lidar64,ic,mAP,0.3,0.451
lidar128_models,early_fusion_tuned,lidar64,ic,mAP,0.5,0.328
lidar128_models,early_fusion_tuned,lidar64,ic,mAP,0.7,0.138
lidar128_models,early_fusion_tuned,lidar64,ic,pedestrian,0.3,0.368
lidar128_models,early_fusion_tuned,lidar64,ic,pedestrian,0.5,0.178
lidar128_models,early_fusion_tuned,lidar64,ic,pedestrian,0.7,0.01
lidar128_models,early_fusion_tuned,lidar64,ic,truck,0.3,0.322
lidar128_models,early_fusion_tuned,lidar64,ic,truck,0.5,0.208
lidar128_models,early_fusion_tuned,lidar64,ic,truck,0.7,0.047
lidar128_models,early_fusion_tuned,lidar64,ic,vehicle,0.3,0.662
lidar128_models,early_fusion_tuned,lidar64,ic,vehicle,0.5,0.597
lidar128_models,early_fusion_tuned,lidar64,ic,vehicle,0.7,0.357
lidar128_models,early_fusion_tuned,lidar64,v2v,mAP,0.3,0.24
lidar128_models,early_fusion_tuned,lidar64,v2v,mAP,0.5,0.177
lidar128_models,early_fusion_tuned,lidar64,v2v,mAP,0.7,0.092
lidar128_models,early_fusion_tuned,lidar64,v2v,pedestrian,0.3,0.199
lidar128_models,early_fusion_tuned,lidar64,v2v,pedestrian,0.5,0.1
lidar128_models,early_fusion_tuned,lidar64,v2v,pedestrian,0.7,0.006
lidar128_models,early_fusion_tuned,lidar64,v2v,truck,0.3,0.148
lidar128_models,early_fusion_tuned,lidar64,v2v,truck,0.5,0.074
lidar128_models,early_fusion_tuned,lidar64,v2v,truck,0.7,0.023
lidar128_models,early_fusion_tuned,lidar64,v2v,vehicle,0.3,0.372
lidar128_models,early_fusion_tuned,lidar64,v2v,vehicle,0.5,0.356
lidar128_models,early_fusion_tuned,lidar64,v2v,vehicle,0.7,0.248
lidar128_models,early_fusion_tuned,lidar64,vc,mAP,0.3,0.32
lidar128_models,early_fusion_tuned,lidar64,vc,mAP,0.5,0.243
lidar128_models,early_fusion_tuned,lidar64,vc,mAP,0.7,0.13
lidar128_models,early_fusion_tuned,lidar64,vc,pedestrian,0.3,0.267
lidar128_models,early_fusion_tuned,lidar64,vc,pedestrian,0.5,0.115
lidar128_models,early_fusion_tuned,lidar64,vc,pedestrian,0.7,0.007
lidar128_models,early_fusion_tuned,lidar64,vc,truck,0.3,0.221
lidar128_models,early_fusion_tuned,lidar64,vc,truck,0.5,0.165
lidar128_models,early_fusion_tuned,lidar64,vc,truck,0.7,0.088
lidar128_models,early_fusion_tuned,lidar64,vc,vehicle,0.3,0.473
lidar128_models,early_fusion_tuned,lidar64,vc,vehicle,0.5,0.448
lidar128_models,early_fusion_tuned,lidar64,vc,vehicle,0.7,0.295
lidar128_models,intermediate_fusion_tuned,lidar128,i2i,mAP,0.3,0.602
lidar128_models,intermediate_fusion_tuned,lidar128,i2i,mAP,0.5,0.491
lidar128_models,intermediate_fusion_tuned,lidar128,i2i,mAP,0.7,0.298
lidar128_models,intermediate_fusion_tuned,lidar128,i2i,pedestrian,0.3,0.489
lidar128_models,intermediate_fusion_tuned,lidar128,i2i,pedestrian,0.5,0.251
lidar128_models,intermediate_fusion_tuned,lidar128,i2i,pedestrian,0.7,0.006
lidar128_models,intermediate_fusion_tuned,lidar128,i2i,truck,0.3,0.567
lidar128_models,intermediate_fusion_tuned,lidar128,i2i,truck,0.5,0.507
lidar128_models,intermediate_fusion_tuned,lidar128,i2i,truck,0.7,0.381
lidar128_models,intermediate_fusion_tuned,lidar128,i2i,vehicle,0.3,0.751
lidar128_models,intermediate_fusion_tuned,lidar128,i2i,vehicle,0.5,0.714
lidar128_models,intermediate_fusion_tuned,lidar128,i2i,vehicle,0.7,0.506
lidar128_models,intermediate_fusion_tuned,lidar128,ic,mAP,0.3,0.531
lidar128_models,intermediate_fusion_tuned,lidar128,ic,mAP,0.5,0.428
lidar128_models,intermediate_fusion_tuned,lidar128,ic,mAP,0.7,0.237
lidar128_models,intermediate_fusion_tuned,lidar128,ic,pedestrian,0.3,0.435
lidar128_models,intermediate_fusion_tuned,lidar128,ic,pedestrian,0.5,0.211
lidar128_models,intermediate_fusion_tuned,lidar128,ic,pedestrian,0.7,0.006
lidar128_models,intermediate_fusion_tuned,lidar128,ic,truck,0.3,0.435
lidar128_models,intermediate_fusion_tuned,lidar128,ic,truck,0.5,0.379
lidar128_models,intermediate_fusion_tuned,lidar128,ic,truck,0.7,0.208
lidar128_models,intermediate_fusion_tuned,lidar128,ic,vehicle,0.3,0.724
lidar128_models,intermediate_fusion_tuned,lidar128,ic,vehicle,0.5,0.693
lidar128_models,intermediate_fusion_tuned,lidar128,ic,vehicle,0.7,0.496
lidar128_models,intermediate_fusion_tuned,lidar128,v2v,mAP,0.3,0.512
lidar128_models,intermediate_fusion_tuned,lidar128,v2v,mAP,0.5,0.418
lidar128_models,intermediate_fusion_tuned,lidar128,v2v,mAP,0.7,0.202
lidar128_models,intermediate_fusion_tuned,lidar128,v2v,pedestrian,0.3,0.395
lidar128_models,intermediate_fusion_tuned,lidar128,v2v,pedestrian,0.5,0.204
lidar128_models,intermediate_fusion_tuned,lidar128,v2v,pedestrian,0.7,0.01
lidar128_models,intermediate_fusion_tuned,lidar128,v2v,truck,0.3,0.495
lidar128_models,intermediate_fusion_tuned,lidar128,v2v,truck,0.5,0.433
lidar128_models,intermediate_fusion_tuned,lidar128,v2v,truck,0.7,0.14
lidar128_models,intermediate_fusion_tuned,lidar128,v2v,vehicle,0.3,0.645
lidar128_models,intermediate_fusion_tuned,lidar128,v2v,vehicle,0.5,0.618
lidar128_models,intermediate_fusion_tuned,lidar128,v2v,vehicle,0.7,0.456
lidar128_models,intermediate_fusion_tuned,lidar128,vc,mAP,0.3,0.545
lidar128_models,intermediate_fusion_tuned,lidar128,vc,mAP,0.5,0.448
lidar128_models,intermediate_fusion_tuned,lidar128,vc,mAP,0.7,0.221
lidar128_models,intermediate_fusion_tuned,lidar128,vc,pedestrian,0.3,0.414
lidar128_models,intermediate_fusion_tuned,lidar128,vc,pedestrian,0.5,0.204
lidar128_models,intermediate_fusion_tuned,lidar128,vc,pedestrian,0.7,0.01
lidar128_models,intermediate_fusion_tuned,lidar128,vc,truck,0.3,0.554
lidar128_models,intermediate_fusion_tuned,lidar128,vc,truck,0.5,0.499
lidar128_models,intermediate_fusion_tuned,lidar128,vc,truck,0.7,0.18
lidar128_models,intermediate_fusion_tuned,lidar128,vc,vehicle,0.3,0.667
lidar128_models,intermediate_fusion_tuned,lidar128,vc,vehicle,0.5,0.642
lidar128_models,intermediate_fusion_tuned,lidar128,vc,vehicle,0.7,0.473
lidar128_models,intermediate_fusion_tuned,lidar64,i2i,mAP,0.3,0.603
lidar128_models,intermediate_fusion_tuned,lidar64,i2i,mAP,0.5,0.491
lidar128_models,intermediate_fusion_tuned,lidar64,i2i,mAP,0.7,0.298
lidar128_models,intermediate_fusion_tuned,lidar64,i2i,pedestrian,0.3,0.489
lidar128_models,intermediate_fusion_tuned,lidar64,i2i,pedestrian,0.5,0.25
lidar128_models,intermediate_fusion_tuned,lidar64,i2i,pedestrian,0.7,0.006
lidar128_models,intermediate_fusion_tuned,lidar64,i2i,truck,0.3,0.568
lidar128_models,intermediate_fusion_tuned,lidar64,i2i,truck,0.5,0.508
lidar128_models,intermediate_fusion_tuned,lidar64,i2i,truck,0.7,0.381
lidar128_models,intermediate_fusion_tuned,lidar64,i2i,vehicle,0.3,0.751
lidar128_models,intermediate_fusion_tuned,lidar64,i2i,vehicle,0.5,0.714
lidar128_models,intermediate_fusion_tuned,lidar64,i2i,vehicle,0.7,0.506
lidar128_models,intermediate_fusion_tuned,lidar64,ic,mAP,0.3,0.499
lidar128_models,intermediate_fusion_tuned,lidar64,ic,mAP,0.5,0.403
lidar128_models,intermediate_fusion_tuned,lidar64,ic,mAP,0.7,0.228
lidar128_models,intermediate_fusion_tuned,lidar64,ic,pedestrian,0.3,0.406
lidar128_models,intermediate_fusion_tuned,lidar64,ic,pedestrian,0.5,0.194
lidar128_models,intermediate_fusion_tuned,lidar64,ic,pedestrian,0.7,0.005
lidar128_models,intermediate_fusion_tuned,lidar64,ic,truck,0.3,0.415
lidar128_models,intermediate_fusion_tuned,lidar64,ic,truck,0.5,0.369
lidar128_models,intermediate_fusion_tuned,lidar64,ic,truck,0.7,0.206
lidar128_models,intermediate_fusion_tuned,lidar64,ic,vehicle,0.3,0.675
lidar128_models,intermediate_fusion_tuned,lidar64,ic,vehicle,0.5,0.645
lidar128_models,intermediate_fusion_tuned,lidar64,ic,vehicle,0.7,0.472
lidar128_models,intermediate_fusion_tuned,lidar64,v2v,mAP,0.3,0.241
lidar128_models,intermediate_fusion_tuned,lidar64,v2v,mAP,0.5,0.192
lidar128_models,intermediate_fusion_tuned,lidar64,v2v,mAP,0.7,0.114
lidar128_models,intermediate_fusion_tuned,lidar64,v2v,pedestrian,0.3,0.198
lidar128_models,intermediate_fusion_tuned,lidar64,v2v,pedestrian,0.5,0.101
lidar128_models,intermediate_fusion_tuned,lidar64,v2v,pedestrian,0.7,0.004
lidar128_models,intermediate_fusion_tuned,lidar64,v2v,truck,0.3,0.116
lidar128_models,intermediate_fusion_tuned,lidar64,v2v,truck,0.5,0.086
lidar128_models,intermediate_fusion_tuned,lidar64,v2v,truck,0.7,0.052
lidar128_models,intermediate_fusion_tuned,lidar64,v2v,vehicle,0.3,0.41
lidar128_models,intermediate_fusion_tuned,lidar64,v2v,vehicle,0.5,0.388
lidar128_models,intermediate_fusion_tuned,lidar64,v2v,vehicle,0.7,0.285
lidar128_models,intermediate_fusion_tuned,lidar64,vc,mAP,0.3,0.332
lidar128_models,intermediate_fusion_tuned,lidar64,vc,mAP,0.5,0.26
lidar128_models,intermediate_fusion_tuned,lidar64,vc,mAP,0.7,0.138
lidar128_models,intermediate_fusion_tuned,lidar64,vc,pedestrian,0.3,0.264
lidar128_models,intermediate_fusion_tuned,lidar64,vc,pedestrian,0.5,0.119
lidar128_models,intermediate_fusion_tuned,lidar64,vc,pedestrian,0.7,0.005
lidar128_models,intermediate_fusion_tuned,lidar64,vc,truck,0.3,0.224
lidar128_models,intermediate_fusion_tuned,lidar64,vc,truck,0.5,0.174
lidar128_models,intermediate_fusion_tuned,lidar64,vc,truck,0.7,0.071
lidar128_models,intermediate_fusion_tuned,lidar64,vc,vehicle,0.3,0.507
lidar128_models,intermediate_fusion_tuned,lidar64,vc,vehicle,0.5,0.486
lidar128_models,intermediate_fusion_tuned,lidar64,vc,vehicle,0.7,0.337
lidar128_models,late_fusion_tuned,lidar128,i2i,mAP,0.3,0.657
lidar128_models,late_fusion_tuned,lidar128,i2i,mAP,0.5,0.543
lidar128_models,late_fusion_tuned,lidar128,i2i,mAP,0.7,0.272
lidar128_models,late_fusion_tuned,lidar128,i2i,pedestrian,0.3,0.505
lidar128_models,late_fusion_tuned,lidar128,i2i,pedestrian,0.5,0.292
lidar128_models,late_fusion_tuned,lidar128,i2i,pedestrian,0.7,0.022
lidar128_models,late_fusion_tuned,lidar128,i2i,truck,0.3,0.668
lidar128_models,late_fusion_tuned,lidar128,i2i,truck,0.5,0.583
lidar128_models,late_fusion_tuned,lidar128,i2i,truck,0.7,0.307
lidar128_models,late_fusion_tuned,lidar128,i2i,vehicle,0.3,0.798
lidar128_models,late_fusion_tuned,lidar128,i2i,vehicle,0.5,0.755
lidar128_models,late_fusion_tuned,lidar128,i2i,vehicle,0.7,0.486
lidar128_models,late_fusion_tuned,lidar128,ic,mAP,0.3,0.595
lidar128_models,late_fusion_tuned,lidar128,ic,mAP,0.5,0.472
lidar128_models,late_fusion_tuned,lidar128,ic,mAP,0.7,0.216
lidar128_models,late_fusion_tuned,lidar128,ic,pedestrian,0.3,0.407
lidar128_models,late_fusion_tuned,lidar128,ic,pedestrian,0.5,0.203
lidar128_models,late_fusion_tuned,lidar128,ic,pedestrian,0.7,0.014
lidar128_models,late_fusion_tuned,lidar128,ic,truck,0.3,0.578
lidar128_models,late_fusion_tuned,lidar128,ic,truck,0.5,0.456
lidar128_models,late_fusion_tuned,lidar128,ic,truck,0.7,0.22
lidar128_models,late_fusion_tuned,lidar128,ic,vehicle,0.3,0.801
lidar128_models,late_fusion_tuned,lidar128,ic,vehicle,0.5,0.756
lidar128_models,late_fusion_tuned,lidar128,ic,vehicle,0.7,0.413
lidar128_models,late_fusion_tuned,lidar128,v2v,mAP,0.3,0.483
lidar128_models,late_fusion_tuned,lidar128,v2v,mAP,0.5,0.395
lidar128_models,late_fusion_tuned,lidar128,v2v,mAP,0.7,0.22
lidar128_models,late_fusion_tuned,lidar128,v2v,pedestrian,0.3,0.368
lidar128_models,late_fusion_tuned,lidar128,v2v,pedestrian,0.5,0.2
lidar128_models,late_fusion_tuned,lidar128,v2v,pedestrian,0.7,0.014
lidar128_models,late_fusion_tuned,lidar128,v2v,truck,0.3,0.442
lidar128_models,late_fusion_tuned,lidar128,v2v,truck,0.5,0.375
lidar128_models,late_fusion_tuned,lidar128,v2v,truck,0.7,0.219
lidar128_models,late_fusion_tuned,lidar128,v2v,vehicle,0.3,0.638
lidar128_models,late_fusion_tuned,lidar128,v2v,vehicle,0.5,0.609
lidar128_models,late_fusion_tuned,lidar128,v2v,vehicle,0.7,0.428
lidar128_models,late_fusion_tuned,lidar128,vc,mAP,0.3,0.476
lidar128_models,late_fusion_tuned,lidar128,vc,mAP,0.5,0.385
lidar128_models,late_fusion_tuned,lidar128,vc,mAP,0.7,0.19
lidar128_models,late_fusion_tuned,lidar128,vc,pedestrian,0.3,0.354
lidar128_models,late_fusion_tuned,lidar128,vc,pedestrian,0.5,0.155
lidar128_models,late_fusion_tuned,lidar128,vc,pedestrian,0.7,0.01
lidar128_models,late_fusion_tuned,lidar128,vc,truck,0.3,0.469
lidar128_models,late_fusion_tuned,lidar128,vc,truck,0.5,0.421
lidar128_models,late_fusion_tuned,lidar128,vc,truck,0.7,0.198
lidar128_models,late_fusion_tuned,lidar128,vc,vehicle,0.3,0.606
lidar128_models,late_fusion_tuned,lidar128,vc,vehicle,0.5,0.58
lidar128_models,late_fusion_tuned,lidar128,vc,vehicle,0.7,0.36
lidar128_models,late_fusion_tuned,lidar64,i2i,mAP,0.3,0.657
lidar128_models,late_fusion_tuned,lidar64,i2i,mAP,0.5,0.542
lidar128_models,late_fusion_tuned,lidar64,i2i,mAP,0.7,0.271
lidar128_models,late_fusion_tuned,lidar64,i2i,pedestrian,0.3,0.506
lidar128_models,late_fusion_tuned,lidar64,i2i,pedestrian,0.5,0.29
lidar128_models,late_fusion_tuned,lidar64,i2i,pedestrian,0.7,0.022
lidar128_models,late_fusion_tuned,lidar64,i2i,truck,0.3,0.666
lidar128_models,late_fusion_tuned,lidar64,i2i,truck,0.5,0.581
lidar128_models,late_fusion_tuned,lidar64,i2i,truck,0.7,0.305
lidar128_models,late_fusion_tuned,lidar64,i2i,vehicle,0.3,0.798
lidar128_models,late_fusion_tuned,lidar64,i2i,vehicle,0.5,0.755
lidar128_models,late_fusion_tuned,lidar64,i2i,vehicle,0.7,0.486
lidar128_models,late_fusion_tuned,lidar64,ic,mAP,0.3,0.553
lidar128_models,late_fusion_tuned,lidar64,ic,mAP,0.5,0.446
lidar128_models,late_fusion_tuned,lidar64,ic,mAP,0.7,0.215
lidar128_models,late_fusion_tuned,lidar64,ic,pedestrian,0.3,0.358
lidar128_models,late_fusion_tuned,lidar64,ic,pedestrian,0.5,0.181
lidar128_models,late_fusion_tuned,lidar64,ic,pedestrian,0.7,0.013
lidar128_models,late_fusion_tuned,lidar64,ic,truck,0.3,0.541
lidar128_models,late_fusion_tuned,lidar64,ic,truck,0.5,0.435
lidar128_models,late_fusion_tuned,lidar64,ic,truck,0.7,0.221
lidar128_models,late_fusion_tuned,lidar64,ic,vehicle,0.3,0.761
lidar128_models,late_fusion_tuned,lidar64,ic,vehicle,0.5,0.723
lidar128_models,late_fusion_tuned,lidar64,ic,vehicle,0.7,0.413
lidar128_models,late_fusion_tuned,lidar64,v2v,mAP,0.3,0.281
lidar128_models,late_fusion_tuned,lidar64,v2v,mAP,0.5,0.235
lidar128_models,late_fusion_tuned,lidar64,v2v,mAP,0.7,0.143
lidar128_models,late_fusion_tuned,lidar64,v2v,pedestrian,0.3,0.205
lidar128_models,late_fusion_tuned,lidar64,v2v,pedestrian,0.5,0.116
lidar128_models,late_fusion_tuned,lidar64,v2v,pedestrian,0.7,0.007
lidar128_models,late_fusion_tuned,lidar64,v2v,truck,0.3,0.224
lidar128_models,late_fusion_tuned,lidar64,v2v,truck,0.5,0.189
lidar128_models,late_fusion_tuned,lidar64,v2v,truck,0.7,0.134
lidar128_models,late_fusion_tuned,lidar64,v2v,vehicle,0.3,0.414
lidar128_models,late_fusion_tuned,lidar64,v2v,vehicle,0.5,0.4
lidar128_models,late_fusion_tuned,lidar64,v2v,vehicle,0.7,0.287
lidar128_models,late_fusion_tuned,lidar64,vc,mAP,0.3,0.342
lidar128_models,late_fusion_tuned,lidar64,vc,mAP,0.5,0.275
lidar128_models,late_fusion_tuned,lidar64,vc,mAP,0.7,0.122
lidar128_models,late_fusion_tuned,lidar64,vc,pedestrian,0.3,0.235
lidar128_models,late_fusion_tuned,lidar64,vc,pedestrian,0.5,0.097
lidar128_models,late_fusion_tuned,lidar64,vc,pedestrian,0.7,0.006
lidar128_models,late_fusion_tuned,lidar64,vc,truck,0.3,0.331
lidar128_models,late_fusion_tuned,lidar64,vc,truck,0.5,0.29
lidar128_models,late_fusion_tuned,lidar64,vc,truck,0.7,0.11
lidar128_models,late_fusion_tuned,lidar64,vc,vehicle,0.3,0.459
lidar128_models,late_fusion_tuned,lidar64,vc,vehicle,0.5,0.437
lidar128_models,late_fusion_tuned,lidar64,vc,vehicle,0.7,0.251
lidar64,early_fusion_tuned,lidar128,i2i,mAP,0.3,0.537
lidar64,early_fusion_tuned,lidar128,i2i,mAP,0.5,0.422
lidar64,early_fusion_tuned,lidar128,i2i,mAP,0.7,0.249
lidar64,early_fusion_tuned,lidar128,i2i,pedestrian,0.3,0.428
lidar64,early_fusion_tuned,lidar128,i2i,pedestrian,0.5,0.237
lidar64,early_fusion_tuned,lidar128,i2i,pedestrian,0.7,0.014
lidar64,early_fusion_tuned,lidar128,i2i,truck,0.3,0.479
lidar64,early_fusion_tuned,lidar128,i2i,truck,0.5,0.378
lidar64,early_fusion_tuned,lidar128,i2i,truck,0.7,0.304
lidar64,early_fusion_tuned,lidar128,i2i,vehicle,0.3,0.705
lidar64,early_fusion_tuned,lidar128,i2i,vehicle,0.5,0.652
lidar64,early_fusion_tuned,lidar128,i2i,vehicle,0.7,0.429
lidar64,early_fusion_tuned,lidar128,ic,mAP,0.3,0.482
lidar64,early_fusion_tuned,lidar128,ic,mAP,0.5,0.368
lidar64,early_fusion_tuned,lidar128,ic,mAP,0.7,0.175
lidar64,early_fusion_tuned,lidar128,ic,pedestrian,0.3,0.333
lidar64,early_fusion_tuned,lidar128,ic,pedestrian,0.5,0.162
lidar64,early_fusion_tuned,lidar128,ic,pedestrian,0.7,0.009
lidar64,early_fusion_tuned,lidar128,ic,truck,0.3,0.43
lidar64,early_fusion_tuned,lidar128,ic,truck,0.5,0.305
lidar64,early_fusion_tuned,lidar128,ic,truck,0.7,0.13
lidar64,early_fusion_tuned,lidar128,ic,vehicle,0.3,0.684
lidar64,early_fusion_tuned,lidar128,ic,vehicle,0.5,0.639
lidar64,early_fusion_tuned,lidar128,ic,vehicle,0.7,0.386
lidar64,early_fusion_tuned,lidar128,v2v,mAP,0.3,0.376
lidar64,early_fusion_tuned,lidar128,v2v,mAP,0.5,0.298
lidar64,early_fusion_tuned,lidar128,v2v,mAP,0.7,0.163
lidar64,early_fusion_tuned,lidar128,v2v,pedestrian,0.3,0.318
lidar64,early_fusion_tuned,lidar128,v2v,pedestrian,0.5,0.174
lidar64,early_fusion_tuned,lidar128,v2v,pedestrian,0.7,0.014
lidar64,early_fusion_tuned,lidar128,v2v,truck,0.3,0.296
lidar64,early_fusion_tuned,lidar128,v2v,truck,0.5,0.231
lidar64,early_fusion_tuned,lidar128,v2v,truck,0.7,0.136
lidar64,early_fusion_tuned,lidar128,v2v,vehicle,0.3,0.515
lidar64,early_fusion_tuned,lidar128,v2v,vehicle,0.5,0.488
lidar64,early_fusion_tuned,lidar128,v2v,vehicle,0.7,0.341
lidar64,early_fusion_tuned,lidar128,vc,mAP,0.3,0.407
lidar64,early_fusion_tuned,lidar128,vc,mAP,0.5,0.323
lidar64,early_fusion_tuned,lidar128,vc,mAP,0.7,0.175
lidar64,early_fusion_tuned,lidar128,vc,pedestrian,0.3,0.33
lidar64,early_fusion_tuned,lidar128,vc,pedestrian,0.5,0.172
lidar64,early_fusion_tuned,lidar128,vc,pedestrian,0.7,0.013
lidar64,early_fusion_tuned,lidar128,vc,truck,0.3,0.322
lidar64,early_fusion_tuned,lidar128,vc,truck,0.5,0.252
lidar64,early_fusion_tuned,lidar128,vc,truck,0.7,0.137
lidar64,early_fusion_tuned,lidar128,vc,vehicle,0.3,0.568
lidar64,early_fusion_tuned,lidar128,vc,vehicle,0.5,0.544
lidar64,early_fusion_tuned,lidar128,vc,vehicle,0.7,0.374
lidar64,early_fusion_tuned,lidar64,i2i,mAP,0.3,0.538
lidar64,early_fusion_tuned,lidar64,i2i,mAP,0.5,0.423
lidar64,early_fusion_tuned,lidar64,i2i,mAP,0.7,0.249
lidar64,early_fusion_tuned,lidar64,i2i,pedestrian,0.3,0.429
lidar64,early_fusion_tuned,lidar64,i2i,pedestrian,0.5,0.237
lidar64,early_fusion_tuned,lidar64,i2i,pedestrian,0.7,0.014
lidar64,early_fusion_tuned,lidar64,i2i,truck,0.3,0.479
lidar64,early_fusion_tuned,lidar64,i2i,truck,0.5,0.378
lidar64,early_fusion_tuned,lidar64,i2i,truck,0.7,0.304
lidar64,early_fusion_tuned,lidar64,i2i,vehicle,0.3,0.705
lidar64,early_fusion_tuned,lidar64,i2i,vehicle,0.5,0.652
lidar64,early_fusion_tuned,lidar64,i2i,vehicle,0.7,0.428
lidar64,early_fusion_tuned,lidar64,ic,mAP,0.3,0.478
lidar64,early_fusion_tuned,lidar64,ic,mAP,0.5,0.366
lidar64,early_fusion_tuned,lidar64,ic,mAP,0.7,0.182
lidar64,early_fusion_tuned,lidar64,ic,pedestrian,0.3,0.367
lidar64,early_fusion_tuned,lidar64,ic,pedestrian,0.5,0.177
lidar64,early_fusion_tuned,lidar64,ic,pedestrian,0.7,0.01
lidar64,early_fusion_tuned,lidar64,ic,truck,0.3,0.42
lidar64,early_fusion_tuned,lidar64,ic,truck,0.5,0.315
lidar64,early_fusion_tuned,lidar64,ic,truck,0.7,0.152
lidar64,early_fusion_tuned,lidar64,ic,vehicle,0.3,0.648
lidar64,early_fusion_tuned,lidar64,ic,vehicle,0.5,0.607
lidar64,early_fusion_tuned,lidar64,ic,vehicle,0.7,0.386
lidar64,early_fusion_tuned,lidar64,v2v,mAP,0.3,0.263
lidar64,early_fusion_tuned,lidar64,v2v,mAP,0.5,0.206
lidar64,early_fusion_tuned,lidar64,v2v,mAP,0.7,0.12
lidar64,early_fusion_tuned,lidar64,v2v,pedestrian,0.3,0.218
lidar64,early_fusion_tuned,lidar64,v2v,pedestrian,0.5,0.119
lidar64,early_fusion_tuned,lidar64,v2v,pedestrian,0.7,0.008
lidar64,early_fusion_tuned,lidar64,v2v,truck,0.3,0.141
lidar64,early_fusion_tuned,lidar64,v2v,truck,0.5,0.089
lidar64,early_fusion_tuned,lidar64,v2v,truck,0.7,0.049
lidar64,early_fusion_tuned,lidar64,v2v,vehicle,0.3,0.429
lidar64,early_fusion_tuned,lidar64,v2v,vehicle,0.5,0.412
lidar64,early_fusion_tuned,lidar64,v2v,vehicle,0.7,0.304
lidar64,early_fusion_tuned,lidar64,vc,mAP,0.3,0.323
lidar64,early_fusion_tuned,lidar64,vc,mAP,0.5,0.239
lidar64,early_fusion_tuned,lidar64,vc,mAP,0.7,0.129
lidar64,early_fusion_tuned,lidar64,vc,pedestrian,0.3,0.304
lidar64,early_fusion_tuned,lidar64,vc,pedestrian,0.5,0.143
lidar64,early_fusion_tuned,lidar64,vc,pedestrian,0.7,0.009
lidar64,early_fusion_tuned,lidar64,vc,truck,0.3,0.204
lidar64,early_fusion_tuned,lidar64,vc,truck,0.5,0.138
lidar64,early_fusion_tuned,lidar64,vc,truck,0.7,0.068
lidar64,early_fusion_tuned,lidar64,vc,vehicle,0.3,0.462
lidar64,early_fusion_tuned,lidar64,vc,vehicle,0.5,0.435
lidar64,early_fusion_tuned,lidar64,vc,vehicle,0.7,0.309
lidar64,intermediate_fusion_tuned,lidar128,i2i,mAP,0.3,0.6
lidar64,intermediate_fusion_tuned,lidar128,i2i,mAP,0.5,0.47
lidar64,intermediate_fusion_tuned,lidar128,i2i,mAP,0.7,0.293
lidar64,intermediate_fusion_tuned,lidar128,i2i,pedestrian,0.3,0.467
lidar64,intermediate_fusion_tuned,lidar128,i2i,pedestrian,0.5,0.238
lidar64,intermediate_fusion_tuned,lidar128,i2i,pedestrian,0.7,0.01
lidar64,intermediate_fusion_tuned,lidar128,i2i,truck,0.3,0.558
lidar64,intermediate_fusion_tuned,lidar128,i2i,truck,0.5,0.445
lidar64,intermediate_fusion_tuned,lidar128,i2i,truck,0.7,0.351
lidar64,intermediate_fusion_tuned,lidar128,i2i,vehicle,0.3,0.775
lidar64,intermediate_fusion_tuned,lidar128,i2i,vehicle,0.5,0.728
lidar64,intermediate_fusion_tuned,lidar128,i2i,vehicle,0.7,0.518
lidar64,intermediate_fusion_tuned,lidar128,ic,mAP,0.3,0.556
lidar64,intermediate_fusion_tuned,lidar128,ic,mAP,0.5,0.448
lidar64,intermediate_fusion_tuned,lidar128,ic,mAP,0.7,0.278
lidar64,intermediate_fusion_tuned,lidar128,ic,pedestrian,0.3,0.387
lidar64,intermediate_fusion_tuned,lidar128,ic,pedestrian,0.5,0.188
lidar64,intermediate_fusion_tuned,lidar128,ic,pedestrian,0.7,0.007
lidar64,intermediate_fusion_tuned,lidar128,ic,truck,0.3,0.544
lidar64,intermediate_fusion_tuned,lidar128,ic,truck,0.5,0.453
lidar64,intermediate_fusion_tuned,lidar128,ic,truck,0.7,0.345
lidar64,intermediate_fusion_tuned,lidar128,ic,vehicle,0.3,0.737
lidar64,intermediate_fusion_tuned,lidar128,ic,vehicle,0.5,0.703
lidar64,intermediate_fusion_tuned,lidar128,ic,vehicle,0.7,0.481
lidar64,intermediate_fusion_tuned,lidar128,v2v,mAP,0.3,0.367
lidar64,intermediate_fusion_tuned,lidar128,v2v,mAP,0.5,0.293
lidar64,intermediate_fusion_tuned,lidar128,v2v,mAP,0.7,0.178
lidar64,intermediate_fusion_tuned,lidar128,v2v,pedestrian,0.3,0.265
lidar64,intermediate_fusion_tuned,lidar128,v2v,pedestrian,0.5,0.144
lidar64,intermediate_fusion_tuned,lidar128,v2v,pedestrian,0.7,0.006
lidar64,intermediate_fusion_tuned,lidar128,v2v,truck,0.3,0.35
lidar64,intermediate_fusion_tuned,lidar128,v2v,truck,0.5,0.275
lidar64,intermediate_fusion_tuned,lidar128,v2v,truck,0.7,0.2
lidar64,intermediate_fusion_tuned,lidar128,v2v,vehicle,0.3,0.487
lidar64,intermediate_fusion_tuned,lidar128,v2v,vehicle,0.5,0.46
lidar64,intermediate_fusion_tuned,lidar128,v2v,vehicle,0.7,0.33
lidar64,intermediate_fusion_tuned,lidar128,vc,mAP,0.3,0.42
lidar64,intermediate_fusion_tuned,lidar128,vc,mAP,0.5,0.347
lidar64,intermediate_fusion_tuned,lidar128,vc,mAP,0.7,0.201
lidar64,intermediate_fusion_tuned,lidar128,vc,pedestrian,0.3,0.295
lidar64,intermediate_fusion_tuned,lidar128,vc,pedestrian,0.5,0.15
lidar64,intermediate_fusion_tuned,lidar128,vc,pedestrian,0.7,0.006
lidar64,intermediate_fusion_tuned,lidar128,vc,truck,0.3,0.388
lidar64,intermediate_fusion_tuned,lidar128,vc,truck,0.5,0.339
lidar64,intermediate_fusion_tuned,lidar128,vc,truck,0.7,0.228
lidar64,intermediate_fusion_tuned,lidar128,vc,vehicle,0.3,0.578
lidar64,intermediate_fusion_tuned,lidar128,vc,vehicle,0.5,0.554
lidar64,intermediate_fusion_tuned,lidar128,vc,vehicle,0.7,0.368
lidar64,intermediate_fusion_tuned,lidar64,i2i,mAP,0.3,0.6
lidar64,intermediate_fusion_tuned,lidar64,i2i,mAP,0.5,0.47
lidar64,intermediate_fusion_tuned,lidar64,i2i,mAP,0.7,0.293
lidar64,intermediate_fusion_tuned,lidar64,i2i,pedestrian,0.3,0.467
lidar64,intermediate_fusion_tuned,lidar64,i2i,pedestrian,0.5,0.237
lidar64,intermediate_fusion_tuned,lidar64,i2i,pedestrian,0.7,0.01
lidar64,intermediate_fusion_tuned,lidar64,i2i,truck,0.3,0.557
lidar64,intermediate_fusion_tuned,lidar64,i2i,truck,0.5,0.445
lidar64,intermediate_fusion_tuned,lidar64,i2i,truck,0.7,0.351
lidar64,intermediate_fusion_tuned,lidar64,i2i,vehicle,0.3,0.775
lidar64,intermediate_fusion_tuned,lidar64,i2i,vehicle,0.5,0.727
lidar64,intermediate_fusion_tuned,lidar64,i2i,vehicle,0.7,0.518
lidar64,intermediate_fusion_tuned,lidar64,ic,mAP,0.3,0.564
lidar64,intermediate_fusion_tuned,lidar64,ic,mAP,0.5,0.451
lidar64,intermediate_fusion_tuned,lidar64,ic,mAP,0.7,0.29
lidar64,intermediate_fusion_tuned,lidar64,ic,pedestrian,0.3,0.405
lidar64,intermediate_fusion_tuned,lidar64,ic,pedestrian,0.5,0.197
lidar64,intermediate_fusion_tuned,lidar64,ic,pedestrian,0.7,0.007
lidar64,intermediate_fusion_tuned,lidar64,ic,truck,0.3,0.54
lidar64,intermediate_fusion_tuned,lidar64,ic,truck,0.5,0.449
lidar64,intermediate_fusion_tuned,lidar64,ic,truck,0.7,0.35
lidar64,intermediate_fusion_tuned,lidar64,ic,vehicle,0.3,0.747
lidar64,intermediate_fusion_tuned,lidar64,ic,vehicle,0.5,0.708
lidar64,intermediate_fusion_tuned,lidar64,ic,vehicle,0.7,0.512
lidar64,intermediate_fusion_tuned,lidar64,v2v,mAP,0.3,0.295
lidar64,intermediate_fusion_tuned,lidar64,v2v,mAP,0.5,0.223
lidar64,intermediate_fusion_tuned,lidar64,v2v,mAP,0.7,0.13
lidar64,intermediate_fusion_tuned,lidar64,v2v,pedestrian,0.3,0.24
lidar64,intermediate_fusion_tuned,lidar64,v2v,pedestrian,0.5,0.123
lidar64,intermediate_fusion_tuned,lidar64,v2v,pedestrian,0.7,0.005
lidar64,intermediate_fusion_tuned,lidar64,v2v,truck,0.3,0.198
lidar64,intermediate_fusion_tuned,lidar64,v2v,truck,0.5,0.116
lidar64,intermediate_fusion_tuned,lidar64,v2v,truck,0.7,0.057
lidar64,intermediate_fusion_tuned,lidar64,v2v,vehicle,0.3,0.447
lidar64,intermediate_fusion_tuned,lidar64,v2v,vehicle,0.5,0.43
lidar64,intermediate_fusion_tuned,lidar64,v2v,vehicle,0.7,0.328
lidar64,intermediate_fusion_tuned,lidar64,vc,mAP,0.3,0.363
lidar64,intermediate_fusion_tuned,lidar64,vc,mAP,0.5,0.29
lidar64,intermediate_fusion_tuned,lidar64,vc,mAP,0.7,0.16
lidar64,intermediate_fusion_tuned,lidar64,vc,pedestrian,0.3,0.29
lidar64,intermediate_fusion_tuned,lidar64,vc,pedestrian,0.5,0.133
lidar64,intermediate_fusion_tuned,lidar64,vc,pedestrian,0.7,0.005
lidar64,intermediate_fusion_tuned,lidar64,vc,truck,0.3,0.28
lidar64,intermediate_fusion_tuned,lidar64,vc,truck,0.5,0.234
lidar64,intermediate_fusion_tuned,lidar64,vc,truck,0.7,0.127
lidar64,intermediate_fusion_tuned,lidar64,vc,vehicle,0.3,0.52
lidar64,intermediate_fusion_tuned,lidar64,vc,vehicle,0.5,0.505
lidar64,intermediate_fusion_tuned,lidar64,vc,vehicle,0.7,0.349
lidar64,late_fusion_tuned,lidar128,i2i,mAP,0.3,0.574
lidar64,late_fusion_tuned,lidar128,i2i,mAP,0.5,0.46
lidar64,late_fusion_tuned,lidar128,i2i,mAP,0.7,0.264
lidar64,late_fusion_tuned,lidar128,i2i,pedestrian,0.3,0.533
lidar64,late_fusion_tuned,lidar128,i2i,pedestrian,0.5,0.295
lidar64,late_fusion_tuned,lidar128,i2i,pedestrian,0.7,0.015
lidar64,late_fusion_tuned,lidar128,i2i,truck,0.3,0.469
lidar64,late_fusion_tuned,lidar128,i2i,truck,0.5,0.392
lidar64,late_fusion_tuned,lidar128,i2i,truck,0.7,0.274
lidar64,late_fusion_tuned,lidar128,i2i,vehicle,0.3,0.721
lidar64,late_fusion_tuned,lidar128,i2i,vehicle,0.5,0.693
lidar64,late_fusion_tuned,lidar128,i2i,vehicle,0.7,0.502
lidar64,late_fusion_tuned,lidar128,ic,mAP,0.3,0.463
lidar64,late_fusion_tuned,lidar128,ic,mAP,0.5,0.355
lidar64,late_fusion_tuned,lidar128,ic,mAP,0.7,0.178
lidar64,late_fusion_tuned,lidar128,ic,pedestrian,0.3,0.368
lidar64,late_fusion_tuned,lidar128,ic,pedestrian,0.5,0.181
lidar64,late_fusion_tuned,lidar128,ic,pedestrian,0.7,0.008
lidar64,late_fusion_tuned,lidar128,ic,truck,0.3,0.359
lidar64,late_fusion_tuned,lidar128,ic,truck,0.5,0.26
lidar64,late_fusion_tuned,lidar128,ic,truck,0.7,0.144
lidar64,late_fusion_tuned,lidar128,ic,vehicle,0.3,0.661
lidar64,late_fusion_tuned,lidar128,ic,vehicle,0.5,0.624
lidar64,late_fusion_tuned,lidar128,ic,vehicle,0.7,0.383
lidar64,late_fusion_tuned,lidar128,v2v,mAP,0.3,0.245
lidar64,late_fusion_tuned,lidar128,v2v,mAP,0.5,0.198
lidar64,late_fusion_tuned,lidar128,v2v,mAP,0.7,0.112
lidar64,late_fusion_tuned,lidar128,v2v,pedestrian,0.3,0.186
lidar64,late_fusion_tuned,lidar128,v2v,pedestrian,0.5,0.098
lidar64,late_fusion_tuned,lidar128,v2v,pedestrian,0.7,0.006
lidar64,late_fusion_tuned,lidar128,v2v,truck,0.3,0.153
lidar64,late_fusion_tuned,lidar128,v2v,truck,0.5,0.122
lidar64,late_fusion_tuned,lidar128,v2v,truck,0.7,0.059
lidar64,late_fusion_tuned,lidar128,v2v,vehicle,0.3,0.397
lidar64,late_fusion_tuned,lidar128,v2v,vehicle,0.5,0.375
lidar64,late_fusion_tuned,lidar128,v2v,vehicle,0.7,0.271
lidar64,late_fusion_tuned,lidar128,vc,mAP,0.3,0.308
lidar64,late_fusion_tuned,lidar128,vc,mAP,0.5,0.244
lidar64,late_fusion_tuned,lidar128,vc,mAP,0.7,0.122
lidar64,late_fusion_tuned,lidar128,vc,pedestrian,0.3,0.232
lidar64,late_fusion_tuned,lidar128,vc,pedestrian,0.5,0.092
lidar64,late_fusion_tuned,lidar128,vc,pedestrian,0.7,0.005
lidar64,late_fusion_tuned,lidar128,vc,truck,0.3,0.199
lidar64,late_fusion_tuned,lidar128,vc,truck,0.5,0.178
lidar64,late_fusion_tuned,lidar128,vc,truck,0.7,0.066
lidar64,late_fusion_tuned,lidar128,vc,vehicle,0.3,0.491
lidar64,late_fusion_tuned,lidar128,vc,vehicle,0.5,0.46
lidar64,late_fusion_tuned,lidar128,vc,vehicle,0.7,0.294
lidar64,late_fusion_tuned,lidar64,i2i,mAP,0.3,0.574
lidar64,late_fusion_tuned,lidar64,i2i,mAP,0.5,0.46
lidar64,late_fusion_tuned,lidar64,i2i,mAP,0.7,0.264
lidar64,late_fusion_tuned,lidar64,i2i,pedestrian,0.3,0.533
lidar64,late_fusion_tuned,lidar64,i2i,pedestrian,0.5,0.296
lidar64,late_fusion_tuned,lidar64,i2i,pedestrian,0.7,0.015
lidar64,late_fusion_tuned,lidar64,i2i,truck,0.3,0.469
lidar64,late_fusion_tuned,lidar64,i2i,truck,0.5,0.392
lidar64,late_fusion_tuned,lidar64,i2i,truck,0.7,0.274
lidar64,late_fusion_tuned,lidar64,i2i,vehicle,0.3,0.72
lidar64,late_fusion_tuned,lidar64,i2i,vehicle,0.5,0.694
lidar64,late_fusion_tuned,lidar64,i2i,vehicle,0.7,0.502
lidar64,late_fusion_tuned,lidar64,ic,mAP,0.3,0.506
lidar64,late_fusion_tuned,lidar64,ic,mAP,0.5,0.409
lidar64,late_fusion_tuned,lidar64,ic,mAP,0.7,0.204
lidar64,late_fusion_tuned,lidar64,ic,pedestrian,0.3,0.412
lidar64,late_fusion_tuned,lidar64,ic,pedestrian,0.5,0.21
lidar64,late_fusion_tuned,lidar64,ic,pedestrian,0.7,0.01
lidar64,late_fusion_tuned,lidar64,ic,truck,0.3,0.421
lidar64,late_fusion_tuned,lidar64,ic,truck,0.5,0.36
lidar64,late_fusion_tuned,lidar64,ic,truck,0.7,0.185
lidar64,late_fusion_tuned,lidar64,ic,vehicle,0.3,0.686
lidar64,late_fusion_tuned,lidar64,ic,vehicle,0.5,0.657
lidar64,late_fusion_tuned,lidar64,ic,vehicle,0.7,0.417
lidar64,late_fusion_tuned,lidar64,v2v,mAP,0.3,0.312
lidar64,late_fusion_tuned,lidar64,v2v,mAP,0.5,0.246
lidar64,late_fusion_tuned,lidar64,v2v,mAP,0.7,0.139
lidar64,late_fusion_tuned,lidar64,v2v,pedestrian,0.3,0.263
lidar64,late_fusion_tuned,lidar64,v2v,pedestrian,0.5,0.144
lidar64,late_fusion_tuned,lidar64,v2v,pedestrian,0.7,0.009
lidar64,late_fusion_tuned,lidar64,v2v,truck,0.3,0.243
lidar64,late_fusion_tuned,lidar64,v2v,truck,0.5,0.177
lidar64,late_fusion_tuned,lidar64,v2v,truck,0.7,0.102
lidar64,late_fusion_tuned,lidar64,v2v,vehicle,0.3,0.432
lidar64,late_fusion_tuned,lidar64,v2v,vehicle,0.5,0.416
lidar64,late_fusion_tuned,lidar64,v2v,vehicle,0.7,0.306
lidar64,late_fusion_tuned,lidar64,vc,mAP,0.3,0.336
lidar64,late_fusion_tuned,lidar64,vc,mAP,0.5,0.259
lidar64,late_fusion_tuned,lidar64,vc,mAP,0.7,0.122
lidar64,late_fusion_tuned,lidar64,vc,pedestrian,0.3,0.288
lidar64,late_fusion_tuned,lidar64,vc,pedestrian,0.5,0.117
lidar64,late_fusion_tuned,lidar64,vc,pedestrian,0.7,0.007
lidar64,late_fusion_tuned,lidar64,vc,truck,0.3,0.272
lidar64,late_fusion_tuned,lidar64,vc,truck,0.5,0.231
lidar64,late_fusion_tuned,lidar64,vc,truck,0.7,0.075
lidar64,late_fusion_tuned,lidar64,vc,vehicle,0.3,0.448
lidar64,late_fusion_tuned,lidar64,vc,vehicle,0.5,0.429
lidar64,late_fusion_tuned,lidar64,vc,vehicle,0.7,0.284
real,early_fusion_tuned,lidar128,i2i,mAP,0.3,0.549
real,early_fusion_tuned,lidar128,i2i,mAP,0.5,0.416
real,early_fusion_tuned,lidar128,i2i,mAP,0.7,0.149
real,early_fusion_tuned,lidar128,i2i,pedestrian,0.3,0.477
real,early_fusion_tuned,lidar128,i2i,pedestrian,0.5,0.25
real,early_fusion_tuned,lidar128,i2i,pedestrian,0.7,0.016
real,early_fusion_tuned,lidar128,i2i,truck,0.3,0.44
real,early_fusion_tuned,lidar128,i2i,truck,0.5,0.33
real,early_fusion_tuned,lidar128,i2i,truck,0.7,0.021
real,early_fusion_tuned,lidar128,i2i,vehicle,0.3,0.728
real,early_fusion_tuned,lidar128,i2i,vehicle,0.5,0.667
real,early_fusion_tuned,lidar128,i2i,vehicle,0.7,0.41
real,early_fusion_tuned,lidar128,ic,mAP,0.3,0.498
real,early_fusion_tuned,lidar128,ic,mAP,0.5,0.377
real,early_fusion_tuned,lidar128,ic,mAP,0.7,0.142
real,early_fusion_tuned,lidar128,ic,pedestrian,0.3,0.398
real,early_fusion_tuned,lidar128,ic,pedestrian,0.5,0.183
real,early_fusion_tuned,lidar128,ic,pedestrian,0.7,0.008
real,early_fusion_tuned,lidar128,ic,truck,0.3,0.358
real,early_fusion_tuned,lidar128,ic,truck,0.5,0.268
real,early_fusion_tuned,lidar128,ic,truck,0.7,0.02
real,early_fusion_tuned,lidar128,ic,vehicle,0.3,0.738
real,early_fusion_tuned,lidar128,ic,vehicle,0.5,0.681
real,early_fusion_tuned,lidar128,ic,vehicle,0.7,0.397
real,early_fusion_tuned,lidar128,v2v,mAP,0.3,0.417
real,early_fusion_tuned,lidar128,v2v,mAP,0.5,0.326
real,early_fusion_tuned,lidar128,v2v,mAP,0.7,0.153
real,early_fusion_tuned,lidar128,v2v,pedestrian,0.3,0.369
real,early_fusion_tuned,lidar128,v2v,pedestrian,0.5,0.211
real,early_fusion_tuned,lidar128,v2v,pedestrian,0.7,0.016
real,early_fusion_tuned,lidar128,v2v,truck,0.3,0.268
real,early_fusion_tuned,lidar128,v2v,truck,0.5,0.186
real,early_fusion_tuned,lidar128,v2v,truck,0.7,0.046
real,early_fusion_tuned,lidar128,v2v,vehicle,0.3,0.614
real,early_fusion_tuned,lidar128,v2v,vehicle,0.5,0.581
real,early_fusion_tuned,lidar128,v2v,vehicle,0.7,0.398
real,early_fusion_tuned,lidar128,vc,mAP,0.3,0.411
real,early_fusion_tuned,lidar128,vc,mAP,0.5,0.323
real,early_fusion_tuned,lidar128,vc,mAP,0.7,0.152
real,early_fusion_tuned,lidar128,vc,pedestrian,0.3,0.355
real,early_fusion_tuned,lidar128,vc,pedestrian,0.5,0.191
real,early_fusion_tuned,lidar128,vc,pedestrian,0.7,0.015
real,early_fusion_tuned,lidar128,vc,truck,0.3,0.276
real,early_fusion_tuned,lidar128,vc,truck,0.5,0.206
real,early_fusion_tuned,lidar128,vc,truck,0.7,0.045
real,early_fusion_tuned,lidar128,vc,vehicle,0.3,0.602
real,early_fusion_tuned,lidar128,vc,vehicle,0.5,0.571
real,early_fusion_tuned,lidar128,vc,vehicle,0.7,0.397
real,early_fusion_tuned,lidar64,i2i,mAP,0.3,0.548
real,early_fusion_tuned,lidar64,i2i,mAP,0.5,0.415
real,early_fusion_tuned,lidar64,i2i,mAP,0.5,0.415
real,early_fusion_tuned,lidar64,i2i,mAP,0.7,0.149
real,early_fusion_tuned,lidar64,i2i,pedestrian,0.3,0.477
real,early_fusion_tuned,lidar64,i2i,pedestrian,0.5,0.249
real,early_fusion_tuned,lidar64,i2i,pedestrian,0.7,0.016
real,early_fusion_tuned,lidar64,i2i,truck,0.3,0.439
real,early_fusion_tuned,lidar64,i2i,truck,0.5,0.328
real,early_fusion_tuned,lidar64,i2i,truck,0.7,0.02
real,early_fusion_tuned,lidar64,i2i,vehicle,0.3,0.728
real,early_fusion_tuned,lidar64,i2i,vehicle,0.5,0.667
real,early_fusion_tuned,lidar64,i2i,vehicle,0.7,0.41
real,early_fusion_tuned,lidar64,ic,mAP,0.3,0.466
real,early_fusion_tuned,lidar64,ic,mAP,0.5,0.347
real,early_fusion_tuned,lidar64,ic,mAP,0.7,0.135
real,early_fusion_tuned,lidar64,ic,pedestrian,0.3,0.392
real,early_fusion_tuned,lidar64,ic,pedestrian,0.5,0.184
real,early_fusion_tuned,lidar64,ic,pedestrian,0.7,0.009
real,early_fusion_tuned,lidar64,ic,truck,0.3,0.314
real,early_fusion_tuned,lidar64,ic,truck,0.5,0.225
real,early_fusion_tuned,lidar64,ic,truck,0.7,0.028
real,early_fusion_tuned,lidar64,ic,vehicle,0.3,0.693
real,early_fusion_tuned,lidar64,ic,vehicle,0.5,0.632
real,early_fusion_tuned,lidar64,ic,vehicle,0.7,0.367
real,early_fusion_tuned,lidar64,v2v,mAP,0.3,0.199
real,early_fusion_tuned,lidar64,v2v,mAP,0.5,0.157
real,early_fusion_tuned,lidar64,v2v,mAP,0.7,0.081
real,early_fusion_tuned,lidar64,v2v,pedestrian,0.3,0.209
real,early_fusion_tuned,lidar64,v2v,pedestrian,0.5,0.114
real,early_fusion_tuned,lidar64,v2v,pedestrian,0.7,0.007
real,early_fusion_tuned,lidar64,v2v,truck,0.3,0.043
real,early_fusion_tuned,lidar64,v2v,truck,0.5,0.03
real,early_fusion_tuned,lidar64,v2v,truck,0.7,0.004
real,early_fusion_tuned,lidar64,v2v,vehicle,0.3,0.347
real,early_fusion_tuned,lidar64,v2v,vehicle,0.5,0.328
real,early_fusion_tuned,lidar64,v2v,vehicle,0.7,0.231
real,early_fusion_tuned,lidar64,vc,mAP,0.3,0.275
real,early_fusion_tuned,lidar64,vc,mAP,0.5,0.21
real,early_fusion_tuned,lidar64,vc,mAP,0.7,0.102
real,early_fusion_tuned,lidar64,vc,pedestrian,0.3,0.258
real,early_fusion_tuned,lidar64,vc,pedestrian,0.5,0.121
real,early_fusion_tuned,lidar64,vc,pedestrian,0.7,0.007
real,early_fusion_tuned,lidar64,vc,truck,0.3,0.151
real,early_fusion_tuned,lidar64,vc,truck,0.5,0.117
real,early_fusion_tuned,lidar64,vc,truck,0.7,0.032
real,early_fusion_tuned,lidar64,vc,vehicle,0.3,0.415
real,early_fusion_tuned,lidar64,vc,vehicle,0.5,0.393
real,early_fusion_tuned,lidar64,vc,vehicle,0.7,0.267
real,intermediate_fusion_tuned,lidar128,i2i,mAP,0.3,0.603
real,intermediate_fusion_tuned,lidar128,i2i,mAP,0.5,0.484
real,intermediate_fusion_tuned,lidar128,i2i,mAP,0.7,0.29
real,intermediate_fusion_tuned,lidar128,i2i,pedestrian,0.3,0.539
real,intermediate_fusion_tuned,lidar128,i2i,pedestrian,0.5,0.299
real,intermediate_fusion_tuned,lidar128,i2i,pedestrian,0.7,0.012
real,intermediate_fusion_tuned,lidar128,i2i,truck,0.3,0.491
real,intermediate_fusion_tuned,lidar128,i2i,truck,0.5,0.41
real,intermediate_fusion_tuned,lidar128,i2i,truck,0.7,0.317
real,intermediate_fusion_tuned,lidar128,i2i,vehicle,0.3,0.78
real,intermediate_fusion_tuned,lidar128,i2i,vehicle,0.5,0.742
real,intermediate_fusion_tuned,lidar128,i2i,vehicle,0.7,0.54
real,intermediate_fusion_tuned,lidar128,ic,mAP,0.3,0.539
real,intermediate_fusion_tuned,lidar128,ic,mAP,0.5,0.428
real,intermediate_fusion_tuned,lidar128,ic,mAP,0.7,0.223
real,intermediate_fusion_tuned,lidar128,ic,pedestrian,0.3,0.468
real,intermediate_fusion_tuned,lidar128,ic,pedestrian,0.5,0.244
real,intermediate_fusion_tuned,lidar128,ic,pedestrian,0.7,0.009
real,intermediate_fusion_tuned,lidar128,ic,truck,0.3,0.399
real,intermediate_fusion_tuned,lidar128,ic,truck,0.5,0.33
real,intermediate_fusion_tuned,lidar128,ic,truck,0.7,0.151
real,intermediate_fusion_tuned,lidar128,ic,vehicle,0.3,0.75
real,intermediate_fusion_tuned,lidar128,ic,vehicle,0.5,0.712
real,intermediate_fusion_tuned,lidar128,ic,vehicle,0.7,0.51
real,intermediate_fusion_tuned,lidar128,v2v,mAP,0.3,0.508
real,intermediate_fusion_tuned,lidar128,v2v,mAP,0.5,0.412
real,intermediate_fusion_tuned,lidar128,v2v,mAP,0.7,0.241
real,intermediate_fusion_tuned,lidar128,v2v,pedestrian,0.3,0.405
real,intermediate_fusion_tuned,lidar128,v2v,pedestrian,0.5,0.225
real,intermediate_fusion_tuned,lidar128,v2v,pedestrian,0.7,0.016
real,intermediate_fusion_tuned,lidar128,v2v,truck,0.3,0.431
real,intermediate_fusion_tuned,lidar128,v2v,truck,0.5,0.358
real,intermediate_fusion_tuned,lidar128,v2v,truck,0.7,0.222
real,intermediate_fusion_tuned,lidar128,v2v,vehicle,0.3,0.687
real,intermediate_fusion_tuned,lidar128,v2v,vehicle,0.5,0.653
real,intermediate_fusion_tuned,lidar128,v2v,vehicle,0.7,0.486
real,intermediate_fusion_tuned,lidar128,vc,mAP,0.3,0.538
real,intermediate_fusion_tuned,lidar128,vc,mAP,0.5,0.445
real,intermediate_fusion_tuned,lidar128,vc,mAP,0.7,0.265
real,intermediate_fusion_tuned,lidar128,vc,pedestrian,0.3,0.421
real,intermediate_fusion_tuned,lidar128,vc,pedestrian,0.5,0.218
real,intermediate_fusion_tuned,lidar128,vc,pedestrian,0.7,0.016
real,intermediate_fusion_tuned,lidar128,vc,truck,0.3,0.476
real,intermediate_fusion_tuned,lidar128,vc,truck,0.5,0.422
real,intermediate_fusion_tuned,lidar128,vc,truck,0.7,0.261
real,intermediate_fusion_tuned,lidar128,vc,vehicle,0.3,0.718
real,intermediate_fusion_tuned,lidar128,vc,vehicle,0.5,0.696
real,intermediate_fusion_tuned,lidar128,vc,vehicle,0.7,0.519
real,intermediate_fusion_tuned,lidar64,i2i,mAP,0.3,0.603
real,intermediate_fusion_tuned,lidar64,i2i,mAP,0.5,0.483
real,intermediate_fusion_tuned,lidar64,i2i,mAP,0.7,0.29
real,intermediate_fusion_tuned,lidar64,i2i,pedestrian,0.3,0.538
real,intermediate_fusion_tuned,lidar64,i2i,pedestrian,0.5,0.298
real,intermediate_fusion_tuned,lidar64,i2i,pedestrian,0.7,0.012
real,intermediate_fusion_tuned,lidar64,i2i,truck,0.3,0.491
real,intermediate_fusion_tuned,lidar64,i2i,truck,0.5,0.41
real,intermediate_fusion_tuned,lidar64,i2i,truck,0.7,0.318
real,intermediate_fusion_tuned,lidar64,i2i,vehicle,0.3,0.78
real,intermediate_fusion_tuned,lidar64,i2i,vehicle,0.5,0.742
real,intermediate_fusion_tuned,lidar64,i2i,vehicle,0.7,0.54
real,intermediate_fusion_tuned,lidar64,ic,mAP,0.3,0.48
real,intermediate_fusion_tuned,lidar64,ic,mAP,0.5,0.373
real,intermediate_fusion_tuned,lidar64,ic,mAP,0.7,0.199
real,intermediate_fusion_tuned,lidar64,ic,pedestrian,0.3,0.429
real,intermediate_fusion_tuned,lidar64,ic,pedestrian,0.5,0.222
real,intermediate_fusion_tuned,lidar64,ic,pedestrian,0.7,0.007
real,intermediate_fusion_tuned,lidar64,ic,truck,0.3,0.334
real,intermediate_fusion_tuned,lidar64,ic,truck,0.5,0.269
real,intermediate_fusion_tuned,lidar64,ic,truck,0.7,0.135
real,intermediate_fusion_tuned,lidar64,ic,vehicle,0.3,0.677
real,intermediate_fusion_tuned,lidar64,ic,vehicle,0.5,0.629
real,intermediate_fusion_tuned,lidar64,ic,vehicle,0.7,0.456
real,intermediate_fusion_tuned,lidar64,v2v,mAP,0.3,0.236
real,intermediate_fusion_tuned,lidar64,v2v,mAP,0.5,0.191
real,intermediate_fusion_tuned,lidar64,v2v,mAP,0.7,0.104
real,intermediate_fusion_tuned,lidar64,v2v,pedestrian,0.3,0.213
real,intermediate_fusion_tuned,lidar64,v2v,pedestrian,0.5,0.117
real,intermediate_fusion_tuned,lidar64,v2v,pedestrian,0.7,0.007
real,intermediate_fusion_tuned,lidar64,v2v,truck,0.3,0.083
real,intermediate_fusion_tuned,lidar64,v2v,truck,0.5,0.07
real,intermediate_fusion_tuned,lidar64,v2v,truck,0.7,0.016
real,intermediate_fusion_tuned,lidar64,v2v,vehicle,0.3,0.411
real,intermediate_fusion_tuned,lidar64,v2v,vehicle,0.5,0.388
real,intermediate_fusion_tuned,lidar64,v2v,vehicle,0.7,0.288
real,intermediate_fusion_tuned,lidar64,vc,mAP,0.3,0.316
real,intermediate_fusion_tuned,lidar64,vc,mAP,0.5,0.251
real,intermediate_fusion_tuned,lidar64,vc,mAP,0.7,0.132
real,intermediate_fusion_tuned,lidar64,vc,pedestrian,0.3,0.284
real,intermediate_fusion_tuned,lidar64,vc,pedestrian,0.5,0.133
real,intermediate_fusion_tuned,lidar64,vc,pedestrian,0.7,0.008
real,intermediate_fusion_tuned,lidar64,vc,truck,0.3,0.169
real,intermediate_fusion_tuned,lidar64,vc,truck,0.5,0.147
real,intermediate_fusion_tuned,lidar64,vc,truck,0.7,0.054
real,intermediate_fusion_tuned,lidar64,vc,vehicle,0.3,0.493
real,intermediate_fusion_tuned,lidar64,vc,vehicle,0.5,0.472
real,intermediate_fusion_tuned,lidar64,vc,vehicle,0.7,0.333
real,late_fusion_tuned,lidar128,i2i,mAP,0.3,0.601
real,late_fusion_tuned,lidar128,i2i,mAP,0.5,0.512
real,late_fusion_tuned,lidar128,i2i,mAP,0.7,0.237
real,late_fusion_tuned,lidar128,i2i,pedestrian,0.3,0.479
real,late_fusion_tuned,lidar128,i2i,pedestrian,0.5,0.283
real,late_fusion_tuned,lidar128,i2i,pedestrian,0.7,0.02
real,late_fusion_tuned,lidar128,i2i,truck,0.3,0.6
real,late_fusion_tuned,lidar128,i2i,truck,0.5,0.554
real,late_fusion_tuned,lidar128,i2i,truck,0.7,0.243
real,late_fusion_tuned,lidar128,i2i,vehicle,0.3,0.724
real,late_fusion_tuned,lidar128,i2i,vehicle,0.5,0.698
real,late_fusion_tuned,lidar128,i2i,vehicle,0.7,0.449
real,late_fusion_tuned,lidar128,ic,mAP,0.3,0.516
real,late_fusion_tuned,lidar128,ic,mAP,0.5,0.422
real,late_fusion_tuned,lidar128,ic,mAP,0.7,0.186
real,late_fusion_tuned,lidar128,ic,pedestrian,0.3,0.388
real,late_fusion_tuned,lidar128,ic,pedestrian,0.5,0.201
real,late_fusion_tuned,lidar128,ic,pedestrian,0.7,0.012
real,late_fusion_tuned,lidar128,ic,truck,0.3,0.457
real,late_fusion_tuned,lidar128,ic,truck,0.5,0.409
real,late_fusion_tuned,lidar128,ic,truck,0.7,0.188
real,late_fusion_tuned,lidar128,ic,vehicle,0.3,0.703
real,late_fusion_tuned,lidar128,ic,vehicle,0.5,0.657
real,late_fusion_tuned,lidar128,ic,vehicle,0.7,0.359
real,late_fusion_tuned,lidar128,v2v,mAP,0.3,0.396
real,late_fusion_tuned,lidar128,v2v,mAP,0.5,0.305
real,late_fusion_tuned,lidar128,v2v,mAP,0.7,0.138
real,late_fusion_tuned,lidar128,v2v,pedestrian,0.3,0.337
real,late_fusion_tuned,lidar128,v2v,pedestrian,0.5,0.179
real,late_fusion_tuned,lidar128,v2v,pedestrian,0.7,0.013
real,late_fusion_tuned,lidar128,v2v,truck,0.3,0.309
real,late_fusion_tuned,lidar128,v2v,truck,0.5,0.23
real,late_fusion_tuned,lidar128,v2v,truck,0.7,0.06
real,late_fusion_tuned,lidar128,v2v,vehicle,0.3,0.541
real,late_fusion_tuned,lidar128,v2v,vehicle,0.5,0.506
real,late_fusion_tuned,lidar128,v2v,vehicle,0.7,0.341
real,late_fusion_tuned,lidar128,vc,mAP,0.3,0.366
real,late_fusion_tuned,lidar128,vc,mAP,0.5,0.275
real,late_fusion_tuned,lidar128,vc,mAP,0.7,0.114
real,late_fusion_tuned,lidar128,vc,pedestrian,0.3,0.32
real,late_fusion_tuned,lidar128,vc,pedestrian,0.5,0.138
real,late_fusion_tuned,lidar128,vc,pedestrian,0.7,0.01
real,late_fusion_tuned,lidar128,vc,truck,0.3,0.287
real,late_fusion_tuned,lidar128,vc,truck,0.5,0.233
real,late_fusion_tuned,lidar128,vc,truck,0.7,0.057
real,late_fusion_tuned,lidar128,vc,vehicle,0.3,0.492
real,late_fusion_tuned,lidar128,vc,vehicle,0.5,0.453
real,late_fusion_tuned,lidar128,vc,vehicle,0.7,0.275
real,late_fusion_tuned,lidar64,i2i,mAP,0.3,0.6
real,late_fusion_tuned,lidar64,i2i,mAP,0.5,0.511
real,late_fusion_tuned,lidar64,i2i,mAP,0.7,0.237
real,late_fusion_tuned,lidar64,i2i,pedestrian,0.3,0.479
real,late_fusion_tuned,lidar64,i2i,pedestrian,0.5,0.284
real,late_fusion_tuned,lidar64,i2i,pedestrian,0.7,0.02
real,late_fusion_tuned,lidar64,i2i,truck,0.3,0.599
real,late_fusion_tuned,lidar64,i2i,truck,0.5,0.554
real,late_fusion_tuned,lidar64,i2i,truck,0.7,0.243
real,late_fusion_tuned,lidar64,i2i,vehicle,0.3,0.723
real,late_fusion_tuned,lidar64,i2i,vehicle,0.5,0.697
real,late_fusion_tuned,lidar64,i2i,vehicle,0.7,0.449
real,late_fusion_tuned,lidar64,ic,mAP,0.3,0.396
real,late_fusion_tuned,lidar64,ic,mAP,0.5,0.327
real,late_fusion_tuned,lidar64,ic,mAP,0.7,0.141
real,late_fusion_tuned,lidar64,ic,pedestrian,0.3,0.33
real,late_fusion_tuned,lidar64,ic,pedestrian,0.5,0.169
real,late_fusion_tuned,lidar64,ic,pedestrian,0.7,0.01
real,late_fusion_tuned,lidar64,ic,truck,0.3,0.248
real,late_fusion_tuned,lidar64,ic,truck,0.5,0.224
real,late_fusion_tuned,lidar64,ic,truck,0.7,0.102
real,late_fusion_tuned,lidar64,ic,vehicle,0.3,0.61
real,late_fusion_tuned,lidar64,ic,vehicle,0.5,0.588
real,late_fusion_tuned,lidar64,ic,vehicle,0.7,0.31
real,late_fusion_tuned,lidar64,v2v,mAP,0.3,0.176
real,late_fusion_tuned,lidar64,v2v,mAP,0.5,0.138
real,late_fusion_tuned,lidar64,v2v,mAP,0.7,0.067
real,late_fusion_tuned,lidar64,v2v,pedestrian,0.3,0.179
real,late_fusion_tuned,lidar64,v2v,pedestrian,0.5,0.094
real,late_fusion_tuned,lidar64,v2v,pedestrian,0.7,0.006
real,late_fusion_tuned,lidar64,v2v,truck,0.3,0.061
real,late_fusion_tuned,lidar64,v2v,truck,0.5,0.048
real,late_fusion_tuned,lidar64,v2v,truck,0.7,0.009
real,late_fusion_tuned,lidar64,v2v,vehicle,0.3,0.286
real,late_fusion_tuned,lidar64,v2v,vehicle,0.5,0.271
real,late_fusion_tuned,lidar64,v2v,vehicle,0.7,0.186
real,late_fusion_tuned,lidar64,vc,mAP,0.3,0.208
real,late_fusion_tuned,lidar64,vc,mAP,0.5,0.152
real,late_fusion_tuned,lidar64,vc,mAP,0.7,0.064
real,late_fusion_tuned,lidar64,vc,pedestrian,0.3,0.211
real,late_fusion_tuned,lidar64,vc,pedestrian,0.5,0.082
real,late_fusion_tuned,lidar64,vc,pedestrian,0.7,0.005
real,late_fusion_tuned,lidar64,vc,truck,0.3,0.085
real,late_fusion_tuned,lidar64,vc,truck,0.5,0.067
real,late_fusion_tuned,lidar64,vc,truck,0.7,0.011
real,late_fusion_tuned,lidar64,vc,vehicle,0.3,0.329
real,late_fusion_tuned,lidar64,vc,vehicle,0.5,0.306
real,late_fusion_tuned,lidar64,vc,vehicle,0.7,0.178
